<?xml version="1.0" encoding="UTF-8" standalone="yes"?>
<addon id="script.module.resolvers" 
     name="resolvers" 
     version="1.0.1" 
     provider-name="pcd">
  <extension point="xbmc.python.module" library="lib" />
  <extension point="xbmc.addon.metadata">
    <platform>all</platform>
    <summary lang="en">Resolve common video host URL's to be playable in XBMC.</summary>
    <description lang="en">Resolve common video host URL's to be playable in XBMC, simplify addon development of video plugins requiring multi video hosts.</description>    
  </extension>
</addon>
